Title,Price,Ratings
"BRM Herbals Brazilian Red Clay Powder - 200 Grams For Facemask, Scrub, DIY Beauty Products, Make Up, Cosmetics, Soap Making & Personal Care For Face, Hair, Body ",255,4.0 out of 5 stars
"Celebrino Variety of Women's personal care and Beauty products (1000, 2009, 471) ",529,5.0 out of 5 stars
"BRM Chemicals Imid Urea Powder - Imidazolidinyl Urea - 100 Grams For Facemask, DIY Beauty Products, Make Up, Cosmetics, Soap Making & Personal Care For Face, Hair, Body ",435,2.0 out of 5 stars
"BRM Herbals Rose Petal Powder - 200 Grams For Facemask, Scrub, DIY Beauty Products, Make Up, Cosmetics, Soap Making & Personal Care For Face, Hair, Body ",299,4.0 out of 5 stars
"FUTURA MARKET Acrylic Amber t Jar with Black Lid for Personal Care, Medicine keeping, Household use, Beauty Products & Multi Purpose 100 gm - Pack of 2 ",209,3.9 out of 5 stars
"BRM Herbals Activated Charcoal Powder - 500 Grams Bulk For Facemask, DIY Beauty Products, Make Up, Cosmetics, Soap Making & Personal Care For Face, Hair, Body ",395,4.0 out of 5 stars
"BRM Herbals Bamboo Charcoal Powder - 500 Grams Bulk For Facemask, Scrub, DIY Beauty Products, Make Up, Cosmetics, Soap Making & Personal Care For Face, Hair, Body ",395,4.5 out of 5 stars
"Zenvista Titanium Dioxide Powder- 50gm- For Soap Making, Shampoo Making, DIY Sunscreen - DIY Beauty Products, Make Up, Cosmetics & Personal Care For Face, Hair, Body ",399,3.4 out of 5 stars
"FUTURA MARKET Acrylic Amber Jar with Black Lid for Personal Care, Medicine keeping, Household use, Beauty Products & Multi Purpose 50 gm - Pack of 6 ",339,4.0 out of 5 stars
"BRM Herbals Petroleum Jelly - 500 Grams For Skin Protection, DIY Beauty Products, Make Up, Cosmetics, Soap Making & Personal Care For Face, Skin, Body ",365,3.2 out of 5 stars
"BRM Herbals Carnauba Wax - 100 Grams For Lip Balms, Creams, Body Lotion - DIY Beauty Products, Make Up, Cosmetics, Soap Making & Personal Care For Face, Hair, Body ",375,4.0 out of 5 stars
"BRM Herbals Bee’s Wax White - 500 Grams Bulk For Lip Balms, Creams, Body Lotion - DIY Beauty Products, Make Up, Cosmetics, Soap Making & Personal Care For Face, Hair, Body ",435,3.4 out of 5 stars
"MYOC Phenoxyethanol Transparent Liquid Standard Cosmetic grade Preservative & Stabilizer for Personal & Beauty Care For Moisturizer creams, Perfumes & Soaps Sunscreen gel Body wash & Baby care -120 ML ",624,3.5 out of 5 stars
"BRM Herbals Kaolin Clay Powder - 500 Grams Bulk For Facemasks, DIY Beauty Products, Make Up, Cosmetics, Soap Making & Personal Care For Face, Hair, Body ",195,5.0 out of 5 stars
"MYOC Pure & White Cosmetic Grade Cetearyl Alcohol Flakes for DIY Personal & Beauty Care products cGMP, Non-GMO & Non-Adulterants Emulsifiers and Thickeners For Lotions, Creams, Soap & shampoo- 450 GM ",295,4.6 out of 5 stars
"BRM Herbals Activated Charcoal Powder - 200 Grams For Facemask, DIY Beauty Products, Make Up, Cosmetics, Soap Making & Personal Care For Face, Hair, Body ",255,3.4 out of 5 stars
"BRM Herbals Walnut Shell Powder - 200 Grams For Facemask, Scrub, DIY Beauty Products, Make Up, Cosmetics, Soap Making & Personal Care For Face, Hair, Body ",455,3.3 out of 5 stars
"BRM Chemicals - Zinc Oxide Powder - 500 Grams Bulk For Face Pack, Soap Making, Shampoo Making, DIY Sunscreen - DIY Beauty Products, Make Up, Cosmetics & Personal Care For Face, Hair, Body ",295,3.4 out of 5 stars
"BRM Chemicals Titanium Dioxide Powder - 100 Grams For Soap Making, Shampoo Making, DIY Sunscreen - DIY Beauty Products, Make Up, Cosmetics & Personal Care For Face, Hair, Body ",779,3.6 out of 5 stars
"Swiss Beauty Hair Iron Straightener, Personal Care, Purple (249g) ",495,4.5 out of 5 stars
"BRM Herbals Candelilla Wax - 100 Grams For Lip Balms, Creams, Body Lotion - DIY Beauty Products, Make Up, Cosmetics, Soap Making & Personal Care For Face, Hair, Body ","1,299",4.2 out of 5 stars
"Bodyherbals Lemongrass Foot Spa Set Personal Care, Beauty, Skin Care ",395,3.0 out of 5 stars
BRM Chemicals Tween 20 - Liquid Water Soluble Surfactant & Emulsifier - Used For Diy Personal Care Products - 100 Grams (Pack Of 1) ,210,3.6 out of 5 stars
"Purenso Select - Jet Black, 15g I Color For Lip, Eye & Personal Care Products ",53,4.4 out of 5 stars
"Globalbridge Exim Moisturizing Silicone Gel Heel anti crack protector Pad cups Socks for Dry Hard Cracked feet Repair Pain Relief covers for Men and Women, Foot Care (Beige, Free Size) - 1 Pair ",397,3.6 out of 5 stars
Dayalu Moisturizing Gel Gloves Set Combo Hands Feet Skin Whitening Care Beauty Spa Treatment Hydrating Cool Soft Cotton Heel Booties Socks for Dry Hard Cracked Skin ,249,2.3 out of 5 stars
R A PRODUCTS Facial Kit Battery Powered Multifunctional Beauty Care Brush Deep Clean 5 in 1 Facial Cleaner Relief for Face Massage (Pink) ,199,3.8 out of 5 stars
Generic Silicone Gel Heel Pad Socks for Heel Swelling Pain Relief Ankle Support Cushion for unisex ,235,4.1 out of 5 stars
"Purastep Silicone Gel Heel Pad Socks For Heel Swelling Pain Relief,Dry Hard Cracked Heels Repair Cream Foot Care Ankle Support Cushion - For Men And Women - (Free Size) (1 Pair) ",248,5.0 out of 5 stars
"Ningen Marigold Foot Cream I Infused with Neem, Coffee and Pomegranate Extracts I Dermatologically Tested, Paraben Free I Softens, Repairs and Heals Ultra Dry Skin and Cracked Heels I 100g ",539,3.3 out of 5 stars
,299,3.5 out of 5 stars
,885,2.6 out of 5 stars
Bombay Shaving Co Premium Charcoal Skin Detox Gift Set for Men | Gift Hamper For Men | Face & Skin Care Kit for Men | Gift Set for Men ,149,5.0 out of 5 stars
"Hair Line Professional Dual Sided Foot Scrubber,Filer with Emery Pad For Hard n Dead Skin Callus Remover, Pedicure Foot Scraper for Men n Women_Shell ",435,4.3 out of 5 stars
"Purenso Select - Rubine Red, 100g I Color For Lip & Personal Care Products (Not permitted For eye applications) ",795,3.9 out of 5 stars
"NIVEA Deodorant Roll On, Pearl & Beauty For Women 50ml ",210,4.4 out of 5 stars
"BRM Chemicals Allantoin Powder - 100 Grams For Facemask, Allantoin Cream Making , DIY Beauty Products, Make Up, Cosmetics, Soap Making & Personal Care For Face, Hair, Body ",665,4.4 out of 5 stars
"BRM Chemicals Kojic Acid Powder - 100 Grams For Skin Whitening Facemask, DIY Beauty Products, Make Up, Cosmetics, Soap Making & Personal Care For Face, Hair, Body ",334,5.0 out of 5 stars
"Purenso Select - Lemon Yellow, 15g I Color For Lip, Eye & Personal Care Products ",499,4.1 out of 5 stars
"Purenso Select - Rose Red, 100g I Color For Lip & Personal Care Products (Not permitted For eye applications) ",695,3.8 out of 5 stars
"CHARCO - Skin To Internal Health Vitamin C Powder (L-Ascorbic Acid ) 100 Gm(0.22 lbs) For Immunity Booster, For Serum Making, Anti Ageing Beauty Formulations & DIY Personal Care For Face,Skin & Body ",240,4.5 out of 5 stars
"FUTURA MARKET Acrylic Amber Jar with Royal Silver Lid for Personal Care, Medicine Keeping, Household use, Beauty Products & Multi Purpose 50 gm - Pack of 10 ",764,4.4 out of 5 stars
"BRM Chemicals Hydroquinone - 200 Grams For Serum Making, Beauty Formulations, Cosmetic Making & DIY Personal Care For Face, Hair, Skin & Body ","2,635",4.2 out of 5 stars
TEA Triethanolamine PH Balancer Ph Adjuster in Soap Making Cosmetics Making Personal Care Products- (100ml) ,515,4.0 out of 5 stars
"Swiss Beauty Hair Dryer 1000W, Personal Care, Orange, 1000Wt ",449,4.3 out of 5 stars
"BRM Chemicals Decyl Glucoside For Soap Making, Shampoo Making, DIY Cosmetics For Skin, Hair & Personal Care Products - Water Soluble - 5 KG ",219,4.0 out of 5 stars
"BRM Chemicals SLES Sodium Lauryl Ether Sulphate - Soap Making Supplies, Personal Care Foaming Detergent Product and Professional Surfactant Raw Material - 1 KG ",449,4.1 out of 5 stars
"Beauté Secrets Manicure Set Nail Clippers, Stainless Steel Nail Scissors Grooming Kit, Acne needle, Blackhead Tool Leather Travel Case (Yellow) ",511,5.0 out of 5 stars
Glorica Beauty 12-IN-1 Stainless Steel Manicure & Pedicure Traveling Grooming Personal Care Tools Kit ,210,3.0 out of 5 stars
Iktu Moisturizing Gel Socks & Gloves Set Combo Hands Feet Skin Whitening Care Beauty Spa Treatment Hydrating Cool Soft Cotton Heel Booties Socks for Dry Hard Cracked Skin (Pink) ,299,5.0 out of 5 stars
Park Avenue Luxury Grooming Collection 8 in 1 Combo Grooming Kit for men | Gift Set for men | Gift Hamper for men ,370,3.7 out of 5 stars
"Purenso Select - Forest Green, 15g I Color For Eye & Personal Care Products (Not permitted For lip applications) ",249,4.6 out of 5 stars
Right Products Soft Foot SPA Treatment Anti-Slip Moisturizing Foot Gel Socks Dry Cracked Skin Care Beauty Product (1 Pair) ,"1,099",4.1 out of 5 stars
"BLACNWHIT Shower Kit, Voluminous And Clean Bathcare / Personal Grooming Bath Combo Kit For Men & Women, Travel size, Sulphate Free, Paraben Free, Cruelty Free, /Hair Care Products / 50 ml Each (Charcoal Shampoo+Bergamot Conditioner+Charcoal Bodywash) ",229,4.4 out of 5 stars
KGDA Battery Powered Portable Mini Beauty Eye Massager Wrinkle Remove Skin Care Product Sexual Personal Mini Handy massager Vibrator Face Massager for Wrinkles & Dark Circles and Pain Relief for Women ,625,4.1 out of 5 stars
"Swiss Beauty Daily Essential Hair Dryer, Personal Care, White, 1400wt ",474,3.3 out of 5 stars
"Personal Organic COFFEE & CUCUMBER UNDER EYE CREAM - For Reducing Dark Circles, Fine lines & Puffy Eyes With Goodness Of Coffee, Cucumber for Men and Women- 50Gm ",199,4.1 out of 5 stars
"BRM Chemicals Light Liquid Paraffin LLP - 1 LITRE For Soap Making, Shampoo, Cosmetics, Serum Making, Beauty Formulations, Moisturizer, Lotion Making & DIY Personal Care For Face, Hair, Skin & Body ",249,4.3 out of 5 stars
VINAURA Wooden Disposable Wax Knife / Spatula / Applicator | Professional Waxing Stick Box | Tongue Depressor | Multipurpose use in Face and Beauty Care | 6inch Personal & Professional use (200) ,560,3.9 out of 5 stars
Fllik Multi Purpose Foldable Scissor Stainless Steel for Beauty Personal Care Folding Scissor (Foldable Scissor) ,626,3.4 out of 5 stars
"Vn care Silicon Heel Pad For Women Pain Relief, Heel Protector For Women, Heel Pain Relief Products For Women, Anti Crack Heel Socks, Silicon Gel Heel Pad For Men & Women (foot care A) ",399,4.2 out of 5 stars
Bryan & Candy New York Shower Gel for Her | Christmas Gift For Women(Pack of 4) for Clean Moisturized Skin ,488,3.4 out of 5 stars
"The Man Company Detan Facial Kit - Charcoal Face Wash, Charcoal Scrub, Daily Moisturising Face Cream | Best Detan Care - Pack of 3 ",300,4.3 out of 5 stars
"Bombay Shaving Company Activated Charcoal Facial Kit | Charcoal Face Wash, 45 gm, Charcoal Face Scrub, 45 gm, Charcoal Face Pack and Charcoal Peel Off Mask, 60gm ",179,4.1 out of 5 stars
VLCC Pedi Glow Foot Care Kit (Combo Of 4) ,685,4.5 out of 5 stars
"Dr Foot Callus Remover Gel Helps to remove Calluses and Corns also helps for Dry, Cracked skin with the Goodness of Urea, Tea Tree Oil, Coconut Oil, Aloe Vera Gel - 100ml ",315,3.4 out of 5 stars
"YOGAFY- Foot Soak for PAIN RELIEF with Epsom Salt - (300 gm) || DETOX SPA || Remove Impurities, Relieve Stress and Improve Sleep | Treat Athletes Foot, Tired and Aching Feet - Pet Jar Pack | ",526,3.9 out of 5 stars
"BRM Chemicals Heavy Liquid Paraffin LLP - 1 LITRE For Soap Making, Shampoo, Cosmetics, Serum Making, Beauty Formulations, Moisturizer, Lotion Making & DIY Personal Care For Face, Hair, Skin & Body ",895,3.6 out of 5 stars
"Purenso - Water Soluble Fragrance Oil - Lily, 50g I For all kinds of personal care products, sprays, mist & others DIY ",364,4.2 out of 5 stars
MYOC Pure & Fine Cosmetic Grade Quality White Zinc Oxide (ZnO) Powder Nano-Sized Particles for DIY Personal and beauty care Raw Material Ideal for SPF sunscreen Diaper Rash Cosmetics in Babies- 60 GM ,663,4.2 out of 5 stars
"BRM Chemicals Lactic Acid - 1 KG For Serum Making, Anti Ageing Beauty Formulations, Moisturizer & Lotion Making, Cosmetic Making & DIY Personal Care For Face, Hair, Skin & Body ",999,4.5 out of 5 stars
BESTOTTAM foot scrubber cleaner brush bathroom foot leg non slip anti slip with suction cups foot care cleaning brush shower foot cleaner brush foot scrubber for dead skin remover (Foot Cleaner) ,199,3.9 out of 5 stars
"THE LOVE CO. Luxury Oud Noir Shower Gel, Body Wash for Women and Men, Unisex Personal Care Products - Paraben-Free Bath Soap that Hydrates and Gently Cleanses (2Pcs)… ",149,5.0 out of 5 stars
"Kimirica Love Story Luxury Bath and Body Care Gift Box | Bath Salt, Body Wash, Body Lotion, Bathing Bar and Hand cream | Pack of 5 | For Men and Women | Pampering Kit for Anniversary, Birthday & All Special Occasions | Premium Gift Packaging 100% Vegan ",334,3.4 out of 5 stars
"VEGA 4 In 1 Foot Pedicure Brush, Pumice Stone, Scrubber & File For Soft Care ",249,3.6 out of 5 stars
"NIVEA Whitening Smooth Skin Deodorant Roll On for Women, 50ml ",124,5.0 out of 5 stars
"CHARCO - Skin To Internal Health Vitamin C Powder (L-Ascorbic Acid ) 100 Gm(0.22 lbs) For Immunity Booster, For Serum Making, Anti Ageing Beauty Formulations & DIY Personal Care For Face,Skin & Body ",425,4.2 out of 5 stars
"BOLDNYOUNG Winter Care Spa Gel Socks, Full Heel/Feet Protector Silicone Ultra-Soft Socks with Moisturizing Natural Oil and Vitamin E - Helps Repair Dry Cracked Skin and Softens Skin (blue) ","2,395",4.3 out of 5 stars
"moha: Foot Cream For Rough Dry and Cracked Heel & Feet Cream For Heel Repair With Goodness Of AleoVera, Papaya & Peppermint | Herbal Foot Care Moisturiser (50ml) ",600,4.2 out of 5 stars
"BRM Chemicals Triethanolamine - 1 KG For Soap Making, Shampoo, Cosmetics, Serum Making, Beauty Formulations, Moisturizer, Lotion Making, Domestic Use & DIY Personal Care For Face, Hair, Skin & Body ",299,3.6 out of 5 stars
Poshte Avocado & Castor Overnight Foot Care Oil (30 Ml_Golden) ,181,2.8 out of 5 stars
Laxmihari Exim Anti Crack Full Length Silicone Foot Protector Moisturizing Socks for Foot-Care and Heel Cracks for Men and Women (Foot+Toe+Heel 3IN1 Combo) ,349,4.4 out of 5 stars
"Anti-Cracking Heel Protectors Silicone Pad Heel Cover Moisture-Resistant Set Heel Care Set, Personal Care - Reusable Foot Silicone Heel Socks (2 Pair) ",299,3.6 out of 5 stars
"MELLO Ice Roller for Face, Ice Roller for Face Massager, Face Ice Roller to Enhance Skin Glow, Shrink & Tighten Pores, Reusable Facial Ice Roller(Blue) ",140,2.4 out of 5 stars
EKAN Foot Scrubber For Men And Women Foot Care Accessories For Daily Use Multicolor Pack Of 1 (M3) ,"1,425",4.1 out of 5 stars
"R A Products rap110 Silicone Gel Pad Socks for Heel Swelling Pain Relief, Foot Care and Ankle Support Cushion ",229,3.5 out of 5 stars
Havells CR4001 Rechargeable Callus Remover; Professional Pedi feet Care for Cracked Heels; Cord & Cordless Use; for All Skin Types (Pink) ,449,4.2 out of 5 stars
"VN CARE Heel Pain Relief Products For Women Anti Crack Silicon Gel Heel And Foot Protector Moisturizing Socks for Foot Care, leg pain relief products And Heel Pad for Men And Women BY VIVNITS ",274,4.3 out of 5 stars
"NutriGlow Green Apple Toner With Vitamin A, C, E Skin Care For Skin Protection, Acne, Pimple, Reduce Sign Ageing, Personal Care Tonic, Unisex, 500ml Each, Pack of 2 ",149,2.8 out of 5 stars
"Temperia Leg, Heel & Foot Scrubber for Dead Skin - Very Sharp & Big (11*3 inch) - Pedicure & Feet Scrub Tools, Foot Scraper Cleaner & Filer, Callus Remover For Cracked Heels (Metal) ",785,3.2 out of 5 stars
Easymart Silicon Moisturising Heel Swelling Pain Relief Foot Support to Eliminate cracks ,135,3.5 out of 5 stars
"BRM Chemicals Citric Acid - 1 KG For Serum Making, Anti Ageing Beauty Formulations, Lotion Making, Cosmetic Making & DIY Personal Care For Face, Hair, Skin & Body ",199,3.1 out of 5 stars
"Essential product Anti Crack Silicone Gel Foot Protector ultra-soft pad Socks For Foot repair pain Care And Heel Crack, sock For Cracked Feet pain For Men And Woman Free Size(Unisex)(Pair of 1) ",189,4.1 out of 5 stars
WILD ORGANIC Pure Aloe Vera Gel Multipurpose Beauty Gel- Daily Moisturizer-5x More Aloevera-Glowing Skin- Acne Control-For all skin and hair type For Men And Women 100gm ,189,1.0 out of 5 stars
"Laxmihari Exim Anti Crack Full Length Silicone Foot Protector Moisturizing Socks for Foot-Care and Heel Cracks,socks for cracked feet,heel pad for heel pain,anti crack heel socks (FULL HEEL) ",102,3.9 out of 5 stars
"NGI STORE 10 Pads Adhesive Body and Foot Detox Pads Ginger+ Salt Foot Patch Improve Sleep Quality liming Patch Health Care Pads, Remove Harmful Body Toxins Sleep Herbal Cleanse ",550,3.0 out of 5 stars
"Himalaya Wellness Foot Care Cream | Moisturizes and Soothes Feet |, 50gm ",149,3.8 out of 5 stars
"Purenso Select - Pure White, 100g, Personal Care, Lip, Eye Safe Liquid Colors ",189,2.4 out of 5 stars
Easymart Silicon Moisturising Heel Swelling Pain Relief Foot Support to Eliminate cracks ,785,3.3 out of 5 stars
"Laxmihari Exim Anti Crack Full Length Silicone Foot Protector Moisturizing Socks for Foot-Care and Heel Cracks,socks for cracked feet,heel pad for heel pain,anti crack heel socks (FULL HEEL) ",199,4.4 out of 5 stars
"BRM Chemicals Citric Acid - 1 KG For Serum Making, Anti Ageing Beauty Formulations, Lotion Making, Cosmetic Making & DIY Personal Care For Face, Hair, Skin & Body ",240,3.6 out of 5 stars
WILD ORGANIC Pure Aloe Vera Gel Multipurpose Beauty Gel- Daily Moisturizer-5x More Aloevera-Glowing Skin- Acne Control-For all skin and hair type For Men And Women 100gm ,140,3.6 out of 5 stars
Bhuvika; Let the Bliss Begin!® Herbal Waxing Powder | 100 Grams | Beauty & Personal Care ,189,5.0 out of 5 stars
"R A Products rap110 Silicone Gel Pad Socks for Heel Swelling Pain Relief, Foot Care and Ankle Support Cushion ",945,3.8 out of 5 stars
"NGI STORE 10 Pads Adhesive Body and Foot Detox Pads Ginger+ Salt Foot Patch Improve Sleep Quality liming Patch Health Care Pads, Remove Harmful Body Toxins Sleep Herbal Cleanse ",102,3.7 out of 5 stars
"BRM Chemicals Ascorbic Acid - Vitamin C Powder - 500 Grams For Serum Making, Anti Ageing Beauty Formulations, Lotion Making, Cosmetic Making & DIY Personal Care For Face, Hair, Skin & Body ",579,2.8 out of 5 stars
"Himalaya Wellness Foot Care Cream | Moisturizes and Soothes Feet |, 50gm ",550,4.8 out of 5 stars
"Beauté Secrets Manicure Kit, pedicure tools for feet, Nail Clipper, Manicure Pedicure kit for women and Men, 18 Pieces,Perfect Gifts for Women and Men Rose Gold, Pink ",299,3.7 out of 5 stars
"Purenso Select - Pure White, 100g, Personal Care, Lip, Eye Safe Liquid Colors ",395,4.4 out of 5 stars
"Vn Care Heel Pain Relief Products For Women Anti Crack Heel Repair Socks And Foot Protector Moisturizing Socks For Foot Care, Leg Pain Relief Products And Silicon Socks For Men / Women (Gel Socks) ","4,855",4.6 out of 5 stars
"BRM Chemicals Sodium Alginate - 1 KG For Soap Making, Shampoo, Cosmetics, Serum Making, Beauty Formulations, Moisturizer, Lotion Making, Domestic Use & DIY Personal Care For Face, Hair, Skin & Body ",166,3.4 out of 5 stars
"Vaseline Lip Tin Cocoa Butter Infused with Cocoa Butter Extract, for Healthy Lips & Natural Glossy Shine, Moisturizes & Hydrates Dry Chapped Lips, 17g ",370,3.2 out of 5 stars
"Purenso - Water Soluble Fragrance Oil - Japanese Cherry Blossom, 50g I For all kinds of personal care products, sprays, mist & others DIY ",279,4.1 out of 5 stars
FLUZOV Painless Crystal Hair Removal Tools Magic Crystal Hair Eraser For Face Hands And Leg (Multi Color) (Model - 1) ,239,3.3 out of 5 stars
"Pixerdot [ Pack Of 1 Pair ] Heel Moisturizing, Silicone Gel Socks For Dry & Cracked Skin Relief. [Multicolor] ",219,3.6 out of 5 stars
"FIZLOZ Women's Eyebrow, Face, Body and Unwanted Hair Threading Removal System Kit, Tweezers Trimmer (Purple) ",120,3.1 out of 5 stars
"Padchaaya Silicone Gel Heel Pad Socks For Heel Swelling Pain Relief,Dry Hard Cracked Heels Repair Cream Foot Care Ankle Support Cushion - For Men And Women (Arch Socks) ",250,3.6 out of 5 stars
Himalaya Herbals Foot Care Cream - 20 grams ,45,5.0 out of 5 stars
Spefez Silicone Half Heel Protector Socks Moisturizing Socks for Foot-Care and Anti Heel Cracks Gel Heel Cups Silicon Heel Pad For Heel Ankle Pain Heel Spur Shoe Support Pad Combo ,249,3.8 out of 5 stars
"Cloyster Foot Scrubber Cleaner Massager, Shower Foot Massager Cleaner Brush with Non-Slip Suction Cups and Soft, Foot Acupressure Massage Mat for Foot Care, Foot Circulation & Reduces Foot Pain ",499,3.7 out of 5 stars
"BRM Herbals Apricot Oil - 1L For Hair Growth, DIY Beauty & Personal Care For Face, Hair, Skin & Body, Soap Making, Cosmetic Making, Lotions, Creams ","1,195",4.2 out of 5 stars
"VINZBERRY Foot Care Cream For Rough, Dry And Cracked Heels | Wellness Foot Care Cream Moisturizes And Soothes Feet - 50G (Pack Of 1) ",382,4.1 out of 5 stars
GION Silicone Anti Crack Gel Heel Foot Protector Pain Relief Moisturizing Socks for Foot leg pain relief Pad for Men Women (1Pair) ,249,5.0 out of 5 stars
"IYAL INDIA - Strawberry Blush Lip Balm 100% Organic Lip Care For Both Men and Women Turns Dry Damaged, Chapped And Dark Lips to Moisturized And Lighten Lips - 15g ",280,3.1 out of 5 stars
DeoDap Personal Care - Oval Shape Pumice Stone Scrubber for Body and Foot (White) ,94,5.0 out of 5 stars
VaCalvers Personal Care - Reusable Foot Silicone Heel Socks For Pedicure Against Cracking Chap Pain Protector Moisturizing Breathable Anti Crack Socks ,97,3.5 out of 5 stars
"R A Products Silicone Gel Heel Socks for Swelling and Pain Relief, Cushion Support, Foot Care, Ankle Protection for Men and Women (Free Size, Skin) ",149,3.3 out of 5 stars
Hair Line Dual Sided Detachable Steel Plate Foot Scrubber For Pedicure Foot Filer Scrapper For Hard n Dead Skin Removing Callus Remover For Feet_Pink ,299,2.9 out of 5 stars
ALWAFLI Combo Heel Cushion and Heel Socks Women Blue Foot Care Gel Silicone Beauty Cushion Orthotic Insole Plantar Heel Support Pad Cup Socks Comfort Heel for Women Girl ,352,4.0 out of 5 stars
Bryan & Candy New York Shower Gel Christmas Gift for Women (Pack of 3) for Clean Moisturized Skin ,795,4.2 out of 5 stars
"BRM Chemicals Lauryl Amine Oxide LAO - 1 KG For Soap Making, Shampoo, Cosmetics, Serum Making, Beauty Formulations, Moisturizer, Lotion Making & DIY Personal Care For Face, Hair, Skin & Body ",99,5.0 out of 5 stars
"Shyam Export Silicone Heel Protectors, Gel Heel Cups for Heel Pain, Breathable Heel Cushions for Back of Heel, Plantar Fasciitis Relief for Men and Women, Blister Prevention for All Shoes (Skin) ",349,3.8 out of 5 stars
RAAYA Foot File Callus Dead Skin Remover Foot Scrub Care Tool For Men And Women Pack Of 1 ,249,2.8 out of 5 stars
"TI AMO 5 in 1 Beauty Styler Safety for Upper, Lip, Chin, Eyebrow, bikini trimmer for women, underarm, Face Hair Remover elecrtical machine clipper for women(Multicolor) Product ",311,2.0 out of 5 stars
Alis Set of 6 Non-Magnetic Stainless Steel Tweezers - Heavy Duty For Electronic Gadgets & Personal Care ,99,4.2 out of 5 stars
Magic Secret Moisturizing Foot Mask for Dry Cracked Feet & Heels - Korean Foot Care Mask Spa - Ultra Hydrating Socks with Shea butter - Skin Care Gift for Women & Men - Soft Feet Treatment (Aloe Vera) ,390,5.0 out of 5 stars
"Basaika Foot Massage Scrub, 100% Natural Ingredeints & Parabeen Free(For Pedicure | Crackless Feet | Foot Skin moisturization & Nourishment | dry feet Protection | Smooth Foot) Ideal for Men & Women ",649,3.8 out of 5 stars
M's Solutions & Enterprises Hygiene Facial Care Parlour Body Massage Beauty Salon Spa Elastic Gown Wax Cutting Apron Sheet Non Woven Disposable Waxing Black Gown For Men and Women Set of 30 ,288,4.2 out of 5 stars
Sichumaria Black Foot Scrubber for Dead Skin Remover Foot File Foot Scrubber Pedicure Brush Peel and Soften Cracked Heels ,974,2.8 out of 5 stars
House of Beauty Paraffin Wax Socks Help Seal in Moisture and Soothes Dry Cracked Skin Moisturizing Pedicure Paraffin Therapy ,197,3.0 out of 5 stars
"Harbal Heel Pain Relief Products For Women Anti Crack Silicon Gel Heel And Foot Protector Moisturizing Socks for Foot Care, leg pain relief products And Heel Pad for Men And Women ",99,4.1 out of 5 stars
1pcs Facial Hair Spring Remover Atcan Face Hair Removal Epilator Face Threading Cleaner Face Hair Clean Beauty Tool for Girls Women Ladies Random Color 1 Pcs ,992,3.0 out of 5 stars
"moha: Rejuvenating Kit – For Complete Winter Care Gift Set | Includes Moisturizing Lotions 200ml, Rejuvenating Massage Oil 100ml, Foot Cream 50gm, Herbal Soap 100gm, Lip Balm 10gm, Anti-dandruff Shampoo 200ml & Anti-dandruff Oil 100ml ",299,3.9 out of 5 stars
"QUIPO SHOP Invisible Height Increase Shoe Air Cushion 3cm Make You Taller,Supportive Comfort Dry Hard Cracked Heels Repair Cream Foot Care Ankle Support Cushion-For Men And Women (1 Pair) ",232,4.1 out of 5 stars
"Anti Crack Full Length Silicon Gel Heel & Foot Protector Moisturizing Socks for Foot-Care, Pain Relief, Ankle Support Pad for Men And Women - Free Size 1 Pair (White Color) ",549,4.2 out of 5 stars
kemei Combo Pack 2 In 1 Hair Beauty Set hair dryer And Straightener And Foldable Hair Dryer ,299,4.3 out of 5 stars
"QUIPO SHOP Invisible Height Increase Shoe Air Cushion 3cm Make You Taller,Supportive Comfort Dry Hard Cracked Heels Repair Cream Foot Care Ankle Support Cushion-For Men And Women (1 Pair) ",232,3.2 out of 5 stars
"Anti Crack Full Length Silicon Gel Heel & Foot Protector Moisturizing Socks for Foot-Care, Pain Relief, Ankle Support Pad for Men And Women - Free Size 1 Pair (White Color) ",549,4.2 out of 5 stars
kemei Combo Pack 2 In 1 Hair Beauty Set hair dryer And Straightener And Foldable Hair Dryer ,249,4.6 out of 5 stars
"TI AMO 5 in 1 Beauty Styler Safety for Upper, Lip"" Chin, Eyebrow, bikini trimmer for women, underarm, Face Hair Remover elecrtical machine clipper for women(Multicolor) Product ",399,4.0 out of 5 stars
2heet Cleansing Detox Foot Patches pack of 50 pads foot cleaning detoxing pad (pack of 50) ,100,5.0 out of 5 stars
Elle18 Lipstick Almond Butter (Matte) ,"2,336.",3.1 out of 5 stars
"Asbah Professional Curling Tong | Designed for All Type of Hair | Fast Heating Ceramic Curling Iron - 9mm | One Year Warranty, Lifetime Repair & Services - (Multicolor) ",109,3.5 out of 5 stars
"Pelirone Silicone Gel Heel Pad Socks For Heel Swelling Pain Relief,Dry Hard Cracked Heels Repair Cream Foot Care Ankle Support Cushion - For Men And Women - (Free Size) (1 Pair) ",189,3.6 out of 5 stars
"Saffronsky enterprise Anti Crack Full Length Silicone Foot Protector Moisturizing Socks for Foot-Care and Heel Cracks,socks for cracked feet,heel pad for heel pain,anti crack heel socks (FULL HEEL) ",299,4.3 out of 5 stars
"Foot Cream For Rough Dry and Cracked Heel & Feet Cream For Heel Repair With Rose Oil, Aloe vera Extract For Men & Women ( 50gm ) ",210,4.4 out of 5 stars
"Purenso Select - Chocolate Brown,15g For Lip, Eye & Personal Care ",499,4.6 out of 5 stars
"Dutiful Surgical Absorbent Pure Cotton Wool Roll For Adult & Baby Care, Beauty Care, Makeup Remover, First Aid, Facial Cleaning, Multipurpose Use 500 gram Gross Cotton, Pack Of 3 Cotton Roll ",139,4.4 out of 5 stars
"SHAMJI Silicone Gel Heel Protector Insole Cups for Swelling, Pain Relief, Foot Care Support Cushion for Men and Women - 1 Pair (Medium) ",99,3.6 out of 5 stars
"Skylike Silicone Gel Heel Pad Socks For Heel Swelling Pain Relief, Dry Hard Cracked Heels Repair Cream Foot Care Ankle Support Cushion (Heel Pad - 01) ",334,3.5 out of 5 stars
"W2 Why Wait Facial Kit, Complete Skin Care, Rich Facial Set (Glowing Facial Kit) ",199,4.0 out of 5 stars
"Anti Crack Full Length Silicone Foot Protector Moisturizing Socks for Foot-Care and Heel Cracks Pain Relief for Gel Heel Protectors Heel Guards Heel Spur Relief Heel (Free Size, 1 Pair) ",225,4.2 out of 5 stars
Arvekha Moisturizing Silicone Gel Anti Crack Half Heel Socks for Men and Women (Medium) ,269,3.5 out of 5 stars
Malibu | Strawberry Flavour | Vegan | SPF 30 | Moistuirizing Lipbalm | Made In UK | 5 gm ,179,4.0 out of 5 stars
"BIONICAID Heel Pain Relief Products Silicone Gel Heel Pad Socks For Heel Swelling Pain Relief,Dry Hard Cracked Heels Repair Cream Foot Care Ankle Support Cushion - For Men And Women ",238,3.2 out of 5 stars
"Inaaya Pedicure Stone For Feet, Stone For Pedicure, Stone For Foot Care For Men And Women, White, 40 Gram, Pack Of 1 ",399,3.7 out of 5 stars
TRITON 2 in 1 Foot Scraper for Pedicure with Detachable Steel Plate n Cleaning Brush Foot Filer Scrubber for Dead Skin Removing Callus Remover_White ,208,4.0 out of 5 stars
"NEUD Carrot Seed Premium Personal Care Kit for Men & Women - 100 ml (25ml x 4 Nos.), White ",329,3.2 out of 5 stars
GREEVA Cleansing Detox Foot Patches pack of 20 pads foot cleaning detoxing pad (20 pad) ,299,4.0 out of 5 stars
Trendy Look Professional Foot Scrapper / Foot File / Foot Scrubber (FS-46) ,249,3.8 out of 5 stars
"Navya Export Heel Pain Relief Products For Women Anti Crack Silicon Gel Heel And Foot Protector Moisturizing Socks for Foot Care, leg pain relief products And Heel Pad for Men And Women (Heel Socks) ",199,3.7 out of 5 stars
Kvitoe Multipurpose Folding Scissor use for Travel Scissor / Pocket Scissor / Grooming Scissor / Beauty Personal Care Folding Scissor Stainless Steel ,189,5.0 out of 5 stars
"Spefez 4 in 1 Foot Callus Remover, Multi-functional Pedicure Scrubber Exfoliator Tool with Pumice Stone, Hand Toe Nail Cleaning Brush, Foot Rasp for Home Foot Care(Multi Color) ",176,3.5 out of 5 stars
LAMA Singhnad Guggulu 80 Tablets ,169,3.2 out of 5 stars
Wild Panda PO1 Silicone Anti Crack Full Length Foot Protector Moisturizing Socks for Foot-Care and Heel Cracks Men/Women socks for cracked feet anti crack heel socks Pain Relief for Man and Women Free Size (1) ,419,4.3 out of 5 stars
"Zency Heel Care Premium Heel And Foot Protector Moisturizing Waterproof Socks for Cracks Heel & Callous Remover, Swelling & Pain Relief | Anti Crack Heel Socks for Men And Women (L, 2) ",380,4.7 out of 5 stars
"W2 Why Wait Moisturiser & Gel with Goodness Of Olive Oil, Almond, Cocoa Butter, Aloevera, Face Moisturizer for Men & Women (Aloevera Gel 500 Gm) ",299,3.3 out of 5 stars
"UNITY Heel Pain Relief Products For Women Anti Crack Silicon Gel Heel And Foot Protector Moisturizing Socks for Foot Care, leg pain relief products And Heel Pad for Men And Women BY VIVNITS ",999,3.0 out of 5 stars
Isa ice therapy ,333,3.4 out of 5 stars
Generic Cosmo Silky Hair Removal Cream - 6pc & MZ(Mahavir Zone) Henna Powder - 80g ,249,4.3 out of 5 stars
"Navya Export Silicone Half Heel Protector Socks,Moisturizing Socks For Foot-Care and Anti Heel Cracks,Gel Heel Cups Silicon Heel Pad for Heel Ankle Pain, Heel Spur Shoe Support Pad-Combo-Set Of-1 ",229,4.3 out of 5 stars
Techno Savvy Silicone Foot Fingers Toe Separator Thumb Valgus Protector Guards Pads Socks Feet Care Silicon Toe Sleeve Protector - 1 Pair - Free Size ,249,2.8 out of 5 stars
AlexVyan Combo Heel Cushion and Heel Socks -Blue Foot Care Gel Silicone Beauty Cushion Orthotic Insole Plantar Heel Support Pad Cup Socks Comfort Heel for Men Boys Size 6 to 10 ,189,4.3 out of 5 stars
"HACKMOOR Anti Crack Full Length Silicone Gel Foot Protector Moisturizing Socks for Foot-Care and Heel Cracks Socks for Cracked Feet, Heel Pad for Heel Pain Relief Men And Women (Beige, Free Size) ",199,3.8 out of 5 stars
"Kintota Silicone Socks Silicone Full Size Socks, Moisturizing Socks Foot Anti Cracking Care Socks ",198,5.0 out of 5 stars
HAUQID� SPA Gel Socks Moisturizing Whitening Exfoliating Treatment Smooth Beauty Reusable Hand Mask Feet Care Silicone Socks for Mens and Women (net heel) ,224,4.2 out of 5 stars
"NEUD Goat Milk Premium Personal Care Kit For Men & Women with Free Water-Resistant Multi-Purpose Zipper Pouch, 25 ml, Pack of 4 ",288,4.0 out of 5 stars
BSD Organics BeautY Nourishing Foot Cream with Natural Beeswax & Orange - 50 Gram ,170,3.8 out of 5 stars
MINNESOTA Silicone Gel Heel Pad for Shoe Cups Heel Pad for Height Increase Heel Pain Pelief Pad Plantar Fasciitis Shoes Insoles Self Adhesive Heel Pad for Men & Women (MS-Blue-Pad-A3) ,249,3.8 out of 5 stars
Trendy Look Oval Pumice Stone For Removing Dead Skin/Callus/Cracked Heels For Men And Women (LWS-9) ,"1,199",5.0 out of 5 stars
"Lifelong LLPCW04 Rechargeable Pedicure Device for Callus & Dead Skin Removal & Feet Care | Pedicure kit for women for foot | Feet Callus Remover at Home , 1 Year Warranty (White) ",160,4.4 out of 5 stars
Finger Spring Hand Exerciser Hand Grip/Fitness Grip Used in Physiotherapy Along with Free Hand and finger exercise (Multi color) ,470,3.9 out of 5 stars
"Fuschia Pedicare Nourishing Foot Cream, 100G ","1,371",4.6 out of 5 stars
"Asbah Professional Curling Tong | Designed for All Type of Hair | Fast Heating Ceramic Curling Iron - 38mm | One Year Warranty, Lifetime Repair & Services - (Multicolor) ",99,3.8 out of 5 stars
"AFIYA Unisex Vented Moisturizing Silicone Gel Heel Socks for Swelling, Pain Relief, Foot Care Ankle Support Pad (Skin Colour) - Set of 1 Pair ",140,3.2 out of 5 stars
"BANQLYN Silicone Gel Heel Pad Socks For Heel Swelling Pain Relief,Dry Hard Cracked Heels Repair Cream Foot Care Ankle Support Cushion - For Men And Women ",799,3.3 out of 5 stars
"Herbins Black Seed Oil Cold Pressed, Kalonji Hair Oil, Kalonji Oil in Health & Personal Care (500) ","3,400",5.0 out of 5 stars
"Asbah Professional Curling Tong | Designed for All Type of Hair | Fast Heating Ceramic Curling Iron - 32mm | One Year Warranty, Lifetime Repair & Services - (Multicolor) ","2,599",4.8 out of 5 stars
"PHILIPS 50 Watt Thermo Protect Technology Heated Hair Straightening Brush with Keratin-Infused Bristles Naturally Straight Hair in 5 mins (10 Extra Large Brush Area, BHH880, Black) ","2,748",3.1 out of 5 stars
,400,3.4 out of 5 stars
,349,3.3 out of 5 stars
"Zoom Tech Combo Of 2 In 1 Hair Curler Cum Straightener With Hi Pressure Hair Dryer 1000Wt Personal Care Appliance Combo (Hair Straightener, Hair Curler). ",339,3.6 out of 5 stars
"Foot Pads, Relief Foot Pads And Adhesive Sheets For Removing Impurities, Relieve Stress Improve Sleep Pads (30) ",340,3.9 out of 5 stars
"Mylo Care Stretch Marks Oil - with Sea Buckthorn, Rosehip, Argan & Coconut Oil - Vitamin E Oil for Scars & Stretch Mark Lightening - Natural Skin Care Solution for Pregnant Women - 100ml ",279,5.0 out of 5 stars
"W2 Why Wait Orange Face Spa with Vitamin C, Nourishing and Moisturizing Facial Treatment, Erase Fine Lines & Wrinkles, 135Ml ",249,4.2 out of 5 stars
AlexVyan 1 Pair Blue Foot Care Gel Silicone Beauty Cushion Orthotic Insole Plantar Heel Support Pad Cup Socks Comfort Heel for Men Boys Size 6 to 10- ,180,3.9 out of 5 stars
"VYATIRANG Cleansing Detox Foot Pads Detox Adhesive foot Patches Foot Pads for Stress Relief Sleep - Remove Toxins, Rest and Pain Free | natural pads | Cleansing Detox Foot Patches (10 Pad) ",201,4.1 out of 5 stars
7-in-1 Stainless Steel Manicure & Pedicure Traveling Grooming Personal Care Tools Kit ,899,3.8 out of 5 stars
"Iba Advanced Activs Ultra White Skin Tone Perfecting Face Wash l No Parabens & Sulfates l High Foam l For Lighter, Even Tone Skin ",525,3.8 out of 5 stars
"House of Beauty Silicon Body Cup- Massage Neck, Arm, Back, Pain Relief Cup therapy ",299,3.6 out of 5 stars
"Purenso - Water Soluble Fragrance Oil - Lemon, 100g I For all kinds of personal care products, sprays, mist & others DIY ",238,3.8 out of 5 stars
"Detox Foot Patches, Pain Free Foot Pads for Stress Relief Sleep, Remove Toxins Cleansing Detox Foot Patches Kit for Release Body (20) ",399,3.6 out of 5 stars
"everteen NATURAL Hair Removal Cream with Chamomile for Bikini Line & Underarms in Women and Girls | No Harsh Smell, No Skin Darkening, No Rashes | 2 Packs 50 g Each with Spatula and Coin Tissues ",449,3.9 out of 5 stars
TRITON 2 in 1 Foot Scraper for Pedicure with Detachable Steel Plate n Cleaning Brush Foot Filer Scrubber for Dead Skin Removing Callus Remover_White ,"1,659",3.7 out of 5 stars
"Bombay Shaving Co Premium Coffee Detan Gift Hamper for Men & Women | Perfect Gift for Men & Women | Face Pack, Face Wash, Peel Off Mask & Face Scrub | Gift Set for Women & Men ",185,4.1 out of 5 stars
"Braun Face Mini Hair Remover FS1000, Electric Facial Hair Removal for Women, Facial Hair Remover, Quick, Gentle & Painless, Finishing ",274,3.0 out of 5 stars
"Grishma 4 In 1 Foot Pedicure Brush, Pumice Stone, Scrubber & File For Soft Care | Dead,Dry and Crusty | Foot File Callus Remover | Two Side Cleaning | Feet, Toes, Nails Cleaning Bathing Manicure Paddle Brush | ","1,263",0
Temperia Foot Scrubber For Dead Skin (Pack of 2) | Feet Dead Skin Remover Pedicure Brush | Foot File | Feet Scrub Tool & Cleaning Brush ,279,0
"Asbah Professional Italo 2000W Hair Dryer |Hot, Semi Hot & Cool with Cool Shot Sw | One Year Warranty, Lifetime Repair & Services - (Multicolor) ",149,4.4 out of 5 stars
"CREATiON Silicone Gel Heel Pad Socks for Heel Swelling Pain Relief, Dry Hard Cracked Heels Repair Cups Foot Care Ankle Support Cushion for Men and Women (Combo*C*1+1 Pair) ",121,4.1 out of 5 stars
"Shyam Export Silicon Gel Heel Pads Cups Shoes Insert Planter Insoles for Men Heel Protector Relieves Foot Pain Caused by Heel Spurs, Bone Spurs Heel Protector Pads for Men and Women ",199,4.0 out of 5 stars
OZXI Silicone Gel Heel Pads Protector Insole Cups For Plantar Fasciitis Heel Swelling Pain Relief Foot Care Support Cushion - For Men And Women - (1 Pair). ,279,4.1 out of 5 stars
"VEKI Anti Crack Silicon Gel Heel And Foot Protector Moisturizing Socks for Foot Care,Pain Relief And Heel Cracks for Men And Women - Beige Free Size - 1 Pair ",195,4.0 out of 5 stars
VARNITYA Moisturizing Gel Socks Cracked Hard Dry Skin Repair Feet Heel Pedicure Personal Care All Day Night For Girls Women (Pack of 1 pairs)) ,799,4.0 out of 5 stars
"GaxQuly Unisex Silicone Gel Heel Socks for Dry Hard Cracked Heels Repair Foot Care Support, Heel Socks For Pain Relief (Free Size) - 1 Pair ",225,4.0 out of 5 stars
"KRU_BTAC Behentrimonium Chloride antistatic, hair conditioning, emulsifier, or preservative agent in personal care products. (500) ",449,4.2 out of 5 stars
W2 Pure Glowing Face Scrub for Skin Whitening and Brightening Men & Women100Gm (Cranberry Face Scrub) ,549,4.5 out of 5 stars
"Digolex ® forefoot pads for pain relief hallux valgus support for bunion forefoot Sleeve pads, metatarsal pads for men and women with ball of foot cushion (1 pair) Beige ",590,3.9 out of 5 stars
"Krifa Enterprises Detox Foot Patches, Pain Free Foot Pads for Stress Relief Sleep, Remove Toxins Cleansing Detox Foot Patches Kit for Release Body | pack of (pack of 10) (50 Pads ( Pack Of 5)) ",225,3.8 out of 5 stars
"Jukkre Foot Scrubber Cleaner Massager, Shower Foot Massager Cleaner Brush with Non-Slip Suction Cups and Soft, for Foot Care, Foot Circulation & Reduces Foot Pain ",299,4.1 out of 5 stars
Modicare Essensual Foot Care Cream For Crack Removing And Smooth Foot - 150Ml ,215,0
FLOPRO gel socks heel for women dry cracked feet pad cups pain protector silicone crack cream scrubber (multi color) ,999,0
Dream Shopping Heel Pain Relief Products for Women Anti Crack Silicon Gel Heel and Foot Protector Moisturizing Socks for Foot Care Leg Pain Relief Products and Heel Pad for Men and Women ,490,0
Digital Shoppy 1Pair Five Toes Separators Foot Sock Hallux Valgus Corrector Bunion Adjuster Foot Care Alignment Straightener Socks (Random Color) (ONE PAIR ONLY) ,169,0
"Frixen Foot Scrubber, Foot Scrubber Bath Mat for Shower with Non-Slip Suction Cups for Exfoliate Dead Skin, Foot Care, Foot Massage ",249,0
"SUGAR Cosmetics - Tipsy Lips - Moisturizing Balm - 01 Mojito - 4.5 gms - Lip Moisturizer for Dry and Chapped Lips, Enriched with Shea Butter and Jojoba Oil ",329,0
Nodor Shoes & Socks Deodorizer ,196,0
"YOGAFY- Foot Soak for Pain with Epsom Salt | Pack of 2 | SOFTENS FEET | Treat Athletes Foot, Inflammation, and Aching Feet | Softens Calluses & Soothes Sore Tired Feet ",220,0
"Cenizas Silicone Gel Heel Pad Socks for Pain Relief for Men and Women (Beige, Free Size) - 1 Pair ",672,0
"Spefez Insole Silicon Gel Heel Pads, Anti Crack Heel,Full Lenght Heel, Toe Protecter Heel For Pain Relief Repaire,Anti-skidding,Support Slippers (Combo) (SF-Heel-CracHeel) ","5,500",0
Poshte Avocado & Castor Overnight Foot Care Oil (12 Ml_Golden) Pack of 2 ,"5,999",0
"Asbah Professional D'zara Hair Straightener with 3D Floating Plates | Rapid Heat Technology | One Year Warranty, Lifetime Repair & Services - (Multicolor) ",125,0
,202,0
,329,0
"IndyDukaan Heel Socks Anti Crack Silicon Gel Heel And Foot Protector Moisturizing Socks for Foot Care, Pain Relief And Heel Cracks for Men And Women - Beige Free Size (1 pairs) ",220,0
Tradehub® Silicone Gel Heel Pad Socks for Pain Relief for Men and Women (HEEL SOCKS) ,672,0
"YOGAFY- Foot Soak for Pain with Epsom Salt | Pack of 2 | SOFTENS FEET | Treat Athletes Foot, Inflammation, and Aching Feet | Softens Calluses & Soothes Sore Tired Feet ",349,0
"Koral Pharma Fresh Step Foot Spray | Foot Spray for Tired foot | Heel Care/softness | foot spray for women,Men (Pack of 4) ",390,0
"Spefez Insole Silicon Gel Heel Pads, Anti Crack Heel,Full Lenght Heel, Toe Protecter Heel For Pain Relief Repaire,Anti-skidding,Support Slippers (Combo) (SF-Heel-CracHeel) ","5,500",0
Poshte Avocado & Castor Overnight Foot Care Oil (12 Ml_Golden) Pack of 2 ,"5,999",0
"SHIVANTA Foot Roller Callus Remover Hard and Dead Skin Remover Care Feet Care Callus Remover Pedicure for Hard Cracked Skin, Foot Scrubber Roller ",202,0
GREEVA Cleansing Detox Foot Patches pack of 30 pads foot cleaning detoxing pad ,149,0
"Asbah Professional D'zara Hair Straightener with 3D Floating Plates | Rapid Heat Technology | One Year Warranty, Lifetime Repair & Services - (Multicolor) ",850,0
,195,0
,199,0
Tradehub® Silicone Gel Heel Pad Socks for Pain Relief for Men and Women (HEEL SOCKS) ,249,0
"Nivea Deodorant Roll On, Protect & Care for Unisex, 50ml ",199,0
"Nestasia Beige Quilted Multipurpose Set of 3 Cosmetic Bag Pouches for Storage, Travel Kit, Makeup Pouch Kit, Storage Organizers, Toiletry Bag (Set of 3 Bags of Different Sizes) ",219,0
"Devchhaya Enterprise Silicone Gel Heel Pad Socks For Heel Swelling Pain Relief, Dry Hard Cracked Heels Repair Cream Foot Care Ankle Support Cushion - For Men And Women - (Free Size) (1 Pair) ",284,0
"Skylike All Type Silicone Gel Heel Pad Socks For Heel Swelling Pain Relief,Dry Hard Cracked Heels Repair Cream Foot Care Ankle Support Cushion - For Men And Women (Full Heel) ","2,815",0
"VYATIRANG Cleansing Detox Foot Pads Detox Adhesive foot Patches Foot Pads for Stress Relief Sleep - Remove Toxins, Rest and Pain Free | natural pads | Cleansing Detox Foot Patches (10 Pad) ",128.,0
"EAYIRA Unisex Vented Moisturizing Silicone Gel Heel Socks for Swelling, Pain Relief, Foot Care Ankle Support Pad (Skin Colour) - Set of 1 Pair ",249,0
"Swarim 6 in 1 Beauty Face Vibrator Massager Tool - Super Cleansing System, Skin Care, Stress Buster, Relaxer ",720,0
Pee Safe Natural Intimate Wash For Men| 100% Alcohol-Free | pH Balanced |  Ayurvedic Daily Hygiene Wash | Lemongrass Fragrance | Paraben-Free | Sulfate-Free | 100ml ,229,0
Wahl WPCT6-2524 Curlito Curling Tong (25mm) (Golden) ,152,0
Panchvati Hair Vanish Gel Combo Pack for Women & Men (Each 100 ml) ,197,0
FYCAN Metatarsal Pads for Sports Ball of Foot Cushions Morton's Neuroma Pads Ball of Foot Pads Extra Soft Cushioning Inserts Transparent Gel Metatarsal Pads Heels Protector Inserts Pain (1 pair) ,499,0
"Bryan & Candy New York Strawberry Heart Combo Kit Christmas Gift Women and Men (Shower gel, Hand & body Lotion, Body Polish, Loofah) ",799,0
PERFACT BEAUTY PRODUCT CARTOON LIP BALM PACK OF 6 FRUITY FRUITS ,299,0
Everteen Bikini Line Hair Remover Creme 50gm ,590,0
"KIRAN ENTERPRISES Heel Pain Relief Products For Women Anti Crack Silicon Gel Heel And Foot Protector Moisturizing Socks for Foot Care, leg pain relief products And Heel Pad for Men And Women ",125,0
"RUBAB MEN 4-in-1 Premium Beard Grooming Kit for Men | 100% Boar Beard Brush, Beard Nourish Oil, Face & Beard Wash & Hand-Crafted Wooden Beard Shaper for Men | Complete Kit for Daily Beard Care ",195,0
MX TAB Stone Marble Granite Cleaning Powder Package Content: 1 Pc / 350 Gram ,250,0
"MAHVIW Foot Scrubber Cleaner Massager, Shower Foot Massager Cleaner Brush with Non-Slip Suction Cups and Soft, Foot Acupressure Massage Mat for Foot Care, Foot Circulation & Reduces Foot Pain Green ",199,0
"IndyDukaan Heel Socks Anti Crack Silicon Gel Heel And Foot Protector Moisturizing Socks for Foot Care, Pain Relief And Heel Cracks for Men And Women - Beige Free Size (1 pairs) ",299,0
Dot & Key Strawberry Lip Balm for Soft and Naturally Pink Lips | SPF 30 & Vitamin C+E | Fades Lip Pigmentation | For Dark Lips | 12gm ,494,0
"Iba Pure Lips Moisturizing Lipstick Shade, A25 Fuchsia Fusion, 4g l 100% Vegan & Natural l Highly Pigmentated ",199,0
"Maze Beauty® Plastic Slidne Hair Threading, for Household, Medium ",690,0
"Vn care Silicon Socks Heel for Crack Spa Gel Socks for Women and Men, Feet Protector Crack Heel Repair Socks with Moisturizing Natural Oil and Vitamin E - Repair Dry Cracked Feet and Soften Skin (AB) ",248,0
"Yardley London English Lavender Range Gift Kit with Free Pouch, 518 ml (Pack includes Compact Perfume, Deo, Soap, Talc) ",299,0
"GaxQuly Silicone Gel Heel Pad Socks For Heel Swelling Pain Relief, Heel Socks For Pain Relief - 1 Pair ",180,0
"Onlyeasy 32""X16"" Foot Scrubber Shower Mat with Pumice Feet Scrub Stone, Oval Bathtub Mat with Antislip Suction Cups and Drain Holes, Non Slip Bath Mat with A Pumice Stone for Feet Massage - Grey ",203.,0
"CHANCY - Handsfree pouch + Silicone Gel Heel Pad Socks For Heel Swelling Pain Relief,Dry Hard Cracked Heels Repair Cream Foot Care Ankle Support Cushion - For Men And Women - (Free Size) (1 Pair) ",239,0
"VIHM Shoe Insoles,Heel Insoles,Sponge Shoes Pads with Heel Grips Inserts,Heel Cushions,High Heel Inserts Great for Loose Shoes, Metatarsal or Arch Pain,Feet Sore Relief, ",199,0
R A PRODUCT YOKO Facto Power Acupressure Magnetic Therapy Massager Height Increase Device (Green) ,179,0
"Just Herbs Ayurvedic Cardamom Lip Scrub For Dry,Chapped & Smoker Lips - SLS & Paraben Free 15gm ",199,0
JERN Ladies Feet Care Non-Slip Arch Support Gel Insole (Blue) ,179,0
"R A Products Anti Crack Full Length Silicone Foot Protector Moisturizing Socks for Foot-Care and Heel Cracks, socks for cracked feet, heel pad for heel pain, anti crack heel socks (FULL HEEL) ",222,0
RAGHUVIR ( PACK OF 2 ) Woman Epilator Manual Facial Hair Remover Stick Face Body Hair Remover Eyebrow Face Epilator Threading Tool Hair Cleaning Remove Cleaner Spring Tools Chin Cheek Mustache Upper Lip ,349,0
"ZONVER® Silicone half Heel Protector Socks,Moisturizing Socks for Foot-Care and Heel Cracks,Gel Heel cups Silicon Heel Pad for Heel Ankle Pain, Heel Spur Shoe Support Pad,Anti Crack Half Heel Socks. ",199,0
"Ethel. Matcha Face Toner with Honeysuckle Extract, Witch Hazel & Pro-Vit B5 for Even Tone & Refined Pores (100 ml). SLS, Paraben and Alcohol Free. ",249,0
PRShop it (Pack of 2) Rolls Foot Care Sticker Heel Grip Tape Hand Foot Care Protector Waterproof Anti Slip Feet Pad Cushion Shoe Insert for Skin Guard (2) ,325,0
"SHIDHMI Pumice Stone for Feet Foot File Callus Remover for Feet, Foot Scrubber for Foot Care as Foot Exfoliator, for Foot Scrub, Callous Removers for Feet, Dead Skin Remover for Feet (4 Pcs) ",189,0
gs GREATERSCAP Moisturizing Gel Heel Socks Protector Like Cracked Foot Skin Care ,199,0
R A Products 5 in 1 Electric Wash Face Cleaning Machine Facial Cleanser Pore Cleaner Body Cleansing Massage Mini Skin Beauty Massager Brush (Pack of 1) ,199,0
"RED SQUARE 2 Pieces Foot Scrubber, Foot Callus Scrubber, Double-Sided Colossal Foot Heel Scrubber Shaver Rasp Foot File and Callus Remover for Grit Exfoliates Removes Dead Skin ",426,0
"GaxQuly Silicone Heel Protector Anti-Crack Pad Socks Set/Dry Hard Cracked Heel Repair Pad/Swelling & Pain Relief For Men,Women,Boys and Girls - Free Size (1 Pair) ",475,0
"Amueroz Smiley Feet Crack Cream for Dry Cracked Skin, Moisturizing, Nourishing Exfoliating Crack foot, Heel Repair care cream | Unisex Foot Cream | Peppermint, jaitoon - 60 gm ",399,0
"Skyup Foot Pads for Anti-Stress Relief, Sleeping, Natural Cleansing Foot Care with Adhesive Sheets ingredients in this foot pads Kit | Cleansing Detox Pads for Release Body (Foot Pads-C) ",223,0
"Beauté Secrets Manicure Kit, Pedicure Tools for Feet, Nail Clipper, Ear Pick Tweezers, Manicure Pedicure Set for Women and Men, 18 Pieces, Brown ",299,0
"BRM Chemicals BHT Butylated Hydroxytoluene - 200 Grams For Domestic Use, Cosmetic Making & DIY Personal Care For Face, Hair, Skin & Body ",149,0
MARKSCLEAR EDTA DiSodium Preservative & Stabilizer for Cosmetics & Personal Care 50gms ,306,0
"OFFER SALE Pain Relief Cleansing Detox Foot Pads, Health Care Patches for Men and Women - Pack of 10 ",249,0
"ESYA Moisturizing Gel Socks, Ultra-Soft Moisturizing Socks with Spa Quality Gel for Moisturizing, Gel Socks Helps Repair Dry Cracked Skins (Color May Vary) ",269,0
Sudiksha 2 Silicone Gel Heel Pads Protector Insole Cups For Plantar Fasciitis Heel Swelling Pain Relief Foot Care Support Cushion - For Men And Women - (1 Pair) (Standard Free Size) ,248,0
"Bella Vita Organic NicoLips Lip Scrub Balm Brightening Dark Lips for Men and Women Dry Lips / Smoker / Chapped Lip & Lipstick Stains Removal Lipcare , 20 g ",209,0
"BANQLYN Silicone Gel Moisturizing Socks, Foot Anti-Cracking Protector Foot Care Tool Prevention Socks Prevents Dry Cracked Heels Cracked Feet Soften Dead Skin Dry Cracked Skin ",215,0
AP Crack Full Length Silicone Foot Protector Socks | Moisturizing Socks | Foot-Care | Heel Cracks | For Men And Women || Free Size (Pair of 1) ,336,0
Sajani Anti Crack Full Length Silicone Protector Moisturizing Socks for Foot-Care and Heel Cracks ,374,0
"BLISCENT Luxury Skincare Berry Crush Lip Scrub For Women And Men Lightening And Brightening Of Dark Lips Remove Flaky, Dead Skin Enriched With Shea Butter - 10 g ",479,0
Dream Shopping Silicone Gel Heel Pad Socks for Pain Relief for Men and Women Unisex Vented Moisturizing Foot Care Ankle Support Pad Skin Color ,99,0
"Wild Stone Forest Spice and Hydra Energy Lomg Lasting Deodorants Body Spray for Men, Pack of 2 (150ml each) ",0,0
,0,0
,130,0
PROTOUCH Lip Plumping drops | Volumizing Lip Gloss | Plumping Effect | Lip Balm | Hydrating Tint Finish | 8 Hours long Stay | Non-transfer | Enriched with Caffeine & Grape seed extract | Vegan | Perfect Red ,319,0
"OVEERA Silicone Half Heel Protector Socks,Moisturizing for Foot-Care and Heel Cracks,Gel Heel cups Silicon Heel Pad for Heel Ankle Pain,Anti Crack Half Heel Socks (Silicon Half Heel Socks) ",395,0
null,660,0
Closeup Toothpaste | India's No. 1 Gel Toothpaste| with 3x Freshness |upto 12 hrs fresh breath & white teeth ,139,0
Mamaearth Ubtan Natural Face Wash For all Skin Type with Turmeric & Saffron for Tan Removal 150 ml ,286,0
Mamaearth Vitamin C Face Wash with Vitamin C and Turmeric for Skin Illumination - 250ml ,398,0
The Moms Co Complete Winter Care Set - For Nourished & Moisturized Skin with Cocoa & Shea Butter and Hyaluronic acid ,237,0
"Lacto Calamine Vitamin C Face Wash with Aloe Vera & Niacinamide for Bright and Glowing Skin| Exfoliates skin, reduces pigmentation, No parabens, no sulphates 100 ml, Orange ","1,995",0
"Ayuga 5% Kumkumadi Skin Radiance Face Wash with Saffron & Lotus Extracts for Dull Skin, Dirt, Pollution & Dark Spots | Daily Cleanser | 100 ml ",499,0
"QERINKLE Hair Care Thermal Head Spa Cap Treatment with Beauty Steamer Nourishing Heating Cap, Spa Cap For Hair, Spa Cap Steamer For Women (SPA CAP) ",194,0
Organic Harvest 3 In 1 Premium Face Wash For Oily Skin | Cleanser For Women Daily Use With Benefits Of Cleansing | Scrubbing | Whitening - Brightening | Paraben & Sulphate Free - 100gm ,185,0
"Forest Essentials Facial Essentials Box|4 Daily-use Facial Must-Haves|Face Wash 50ml, Face Scrub 15g, Lip Balm 4g, Face Lotion 50ml|Gift Box ",0,0
Simply Herbal Collagen Supplement Capsules With Vitamin C & White Kidney Beans Promotes Skin & Hair Health Support Strong Nail & Joints For Women Girls - 60 Capsules ,0,0
Dot & Key Cocoa Lip Balm with Shea Butter for Naturally Glowing and Hydrated Lips | SPF 30 & Vitamin C+E | Reduces Flakiness | For Dry Lips | 12gm ,0,0
Joy Skin Fruits Spots & Tan Clear Face Wash | With real Papaya extracts & Active Fruit Boosters | Exfoliates and De-tans skin | Papaya Face Wash For Normal to Dry Skin | Pack of 2 X 100 ml ,0,0
